INSERT INTO auth.users (instance_id,id,aud,role,email,encrypted_password,email_confirmed_at,invited_at,confirmation_token,confirmation_sent_at,recovery_token,recovery_sent_at,email_change_token_new,email_change,email_change_sent_at,last_sign_in_at,raw_app_meta_data,raw_user_meta_data,is_super_admin,created_at,updated_at,phone,phone_confirmed_at,phone_change,phone_change_token,phone_change_sent_at,email_change_token_current,email_change_confirm_status,banned_until,reauthentication_token,reauthentication_sent_at,is_sso_user,deleted_at,is_anonymous) VALUES ('3dcce8b2-d93e-5155-9a50-a529057e4a9a', '0f5d546a-dd80-5406-a005-a4f3061b9fb4', 'Ipsa nihil sed gaudeat successiones oreste res.', 'Nunc et maledo quid ego quia cupid apeiriantur.', 'test@example.com', '$2a$10$y2vvQYePHrHWt66kB9BVMODWGR29DBLBa9ZTm17OVRCCmw5a83qlm', '2020-02-10T13:34:50.000Z', '2020-03-07T03:00:57.000Z', 'Videant qui et restatem eas causa epicipsa.', '2020-12-28T11:35:00.000Z', 'Graecistius ab esse verum libervi, periis sit vire vitamicar voluptatem atione fortibus eo.', '2020-01-09T00:49:11.000Z', 'Concere ego nihil intellegan intera.', 'Lectorquem otis optimi sentiar legantiam scaevole.', '2020-10-02T09:19:38.000Z', '2020-08-16T19:13:05.000Z', '{"Dolorum":"Inor placet si"}', '{"Ulere":"Docti es saturei"}', 't', '2020-06-06T05:41:47.000Z', '2020-03-11T02:10:13.000Z', DEFAULT, '2020-03-11T02:53:19.000Z', DEFAULT, DEFAULT, '2020-12-24T11:30:02.000Z', DEFAULT, DEFAULT, '2020-06-10T05:08:46.000Z', DEFAULT, '2020-06-26T17:49:35.000Z', DEFAULT, '2020-03-23T14:25:27.000Z', DEFAULT), ('6e9ec33d-2e0a-5b02-8e2d-f0d1c5040b5f', '5fef9e7c-116a-5504-a6ae-d16f4442d448', 'Nobis quibus homin diligendun virtutem quo satis ferreum, dide dixere sententus consilio es soleat si sed.', 'Integris sunt vitam vera necest.', 'Antwon_Wehner56302@example.com', '$2a$10$y2vvQYePHrHWt66kB9BVMODWGR29DBLBa9ZTm17OVRCCmw5a83qlm', '2020-02-26T13:38:22.000Z', '2020-03-23T14:40:28.000Z', 'Epicium confirmissum inem andae dolordinem nec util.', '2020-10-18T22:13:30.000Z', 'Rerum dum orum amiciti quam, insequimur aut maximus dis ad illus.', '2020-09-25T08:22:24.000Z', 'Se eius et continere sedatum et, vituptas iudicarte necest in omnesque saepe spatio.', 'Is liberea consequatur ne liberenda etiamque quasi.', '2020-06-18T17:21:57.000Z', '2020-03-27T14:58:22.000Z', '{"Ali":"Tentiae est"}', '{"Recte":"Aequo faciturnit physici"}', 't', '2020-01-17T12:52:35.000Z', '2020-05-25T17:01:44.000Z', DEFAULT, '2020-07-19T18:13:25.000Z', DEFAULT, DEFAULT, '2020-06-22T05:10:29.000Z', DEFAULT, DEFAULT, '2020-04-04T15:27:18.000Z', DEFAULT, '2020-06-06T17:32:29.000Z', DEFAULT, '2020-08-12T20:00:19.000Z', DEFAULT);
INSERT INTO public.templates (id,created_at,author_id,title,subject,message,favorites,reviewed) VALUES ('f1e96594-82f6-5be0-a8fa-90865c5c6978', DEFAULT, NULL, 'STABLE Trade Policy Act (Stop Tarrifs)', 'Please Support the STABLE Trade Policy Act', 'Dear {{legislator.name}},

I am writing to express my strong support for the Stopping Tariffs on Allies and Bolstering Legislative Exercise of (STABLE) Trade Policy Act, introduced by Senators Tim Kaine and Chris Coons. The recent tariffs imposed by the administration are a deeply concerning policy decision that increases costs for American consumers and businesses. This legislation would ensure that Congress has the authority to review and reverse such tariffs, preventing unnecessary economic strain on American households.

For decades, economists across the political spectrum have warned about the negative consequences of tariffs. Protectionist trade measures have historically contributed to economic downturns, as seen during the Great Depression. Even advisors within the administration have voiced concerns over these policies. Congress must have a way to counteract decisions that place undue burdens on businesses and families.

Trade policies should strengthen our economy and reinforce relationships with our allies—not create unnecessary financial hardship. The STABLE Trade Policy Act is a critical step in ensuring that trade decisions reflect sound economic principles rather than unilateral action. I urge you to support this legislation and advocate for its swift passage.

{{sender.custom.personalMessage}}

Thank you for your time and consideration. I appreciate your leadership and look forward to your response.

Best regards,
{{sender.name}}
{{sender.address.street}} {{sender.address.city}}, {{sender.address.state}} {{sender.address.zip}}', DEFAULT, DEFAULT), ('400ebc38-f3f1-5aa7-adb6-0b8d37d7fc7a', DEFAULT, NULL, 'Et enimo legenimo eius requietis labefficit in malare.', 'Aut nulli pectate ido signifer isdemocen in.', 'Hausta etiam sine et pertur se voluptatem vita, si quae non foderata haec. Detractis cotid esse dolorterval captet. Tum eorum in quod causam. Littereant filium qui verum non quod licit, partiendo fieri ani esse atque sua philos. Suavitat est altera idita eis, ut quae dolore videm audiri sicut gravit patrioque. Fuissentiaret repugnantur escanes nullam inerunda is, suo metu turbenivol ne mortem omne. Non ad multa abo militatom.', DEFAULT, DEFAULT), ('d6255339-6dda-51b1-af43-9224eef5d136', DEFAULT, NULL, 'Laboriosae sint melius obruamus latin et orem fectum, quanti tam numquam putatomni accedisque iniure nostrum.', 'Rem fungimur docti cognitatum monet ad qua, possit voluptatib vel et ratio quoniam sit.', 'Admirere si antiqua quasi proban multoque, expetentur qui fieri est nulli cum. Si adminimped vivenimus est sensument. Gloriatur non diuturusque igit ate exore ut quae. At apudinhaer cant locis quarum quo viveruna, inem et corporis paratis nec nihilit nam. Quae homin cupidieque et voluptatum fugiat ex tamquamquam.', DEFAULT, DEFAULT), ('635d16dd-5959-5009-80f9-3e7d79d379aa', DEFAULT, NULL, 'Ipsis am facillabor his quam ponatis nomentur.', 'De hominteris iudicorem causa nam omnia dolorum, moles aut exedicit libergo natequos.', 'Tollunt est quid depravata tam epicura cum, potenterun susciplineam uram nec alientia tribus utrumque quibus. Est vivat dolorissim se vel, hunc voluptatem delenimus laborumbram firmatis e quaerimperan. Sine meo molest exedico igamicur dare, omnia genuit manu sed se. Frequentis magnum torem referitur sic, aut satis faciam impeterin fortitudit. Ophia motu res esse iganim.', DEFAULT, DEFAULT), ('b92580f4-548a-5ba5-a942-62bda5177747', DEFAULT, NULL, 'Numquam en postremumque secutinter hominiustit et ophia quoque.', 'Effugientes prima hoc carittam sent se.', 'Ab inquamquam nostra quod laudate quae fugienti numquam. Duci nec quanti voluptas possum sed omnem. Voluptate cur voluptare viti artifexit.', DEFAULT, DEFAULT), ('8f52e015-0cdf-5632-973c-a22b86d24ec3', DEFAULT, NULL, 'Conquisquam animi verearum propostenuit potestiae finita omnes suppetentan, quibus dicittantum semperfruique adiuvet inflammatis aut modum comprobissim.', 'Neque nec facerat opor brevitias partitud vitae animpender.', 'Municosop non magis quibus solid. Aliae qui transferrem tum dolorum referque. M lendus regul ea sed extremum, doctis quem il ile enimo reiciatur ilis. Ceduniae non esse iudicare graecambigua invitam nec ad. Iucunt inmortem alter physicis concursionis est. Possimultim levamur aut vero sermo ectu secutrum. Nihiles et gratia et autem in lucilla.', DEFAULT, DEFAULT), ('88a5f701-7696-5a72-aa88-c0c42fc90fd0', DEFAULT, NULL, 'Este us quando ab sed recte meis voluptatum, medium meliustius soleat esse ationemus quod.', 'Neque redienus us quapropter in aremus disputant, potes possummum nutu adquiescere faciuncta.', 'Triario publicebo quod alest nos tarum. Pluribus esse fruuntur reicienum it eadem, imitasque ut vel esse eoque nullae et est. Modo et dignitionem detracta consequerer atassensio. Legendum sunt gloriae natur sola paulo, tam metus possimis mea doloria hoc omne. Satis erationes cohaeres capti ut aeteribus centur, vel quidque mihi constituendas an constitionem gravitione hoc. Suscepi videamque reque sed constituam, isse laetit praeterietur voluptas natur cum. Quo uramicor quam aliquo quam voluptatem, poena bonorem doloribus acundit si dolorem.', DEFAULT, DEFAULT), ('e457489f-cac7-5497-8301-09f1116a1ade', DEFAULT, NULL, 'Satistipat et tot quae ut.', 'Illa quosque epicitat beate iis adoptari et vel, eo natur dolordata autem ferandum cupis sit.', 'Nulla est neque e physicis, et pariant in faceriam probo et torquatis causassumer. Corporis ratione est maloratque cum ipsa civium. Alter ea corpore putanimo disputaren hic dissentiendo, qui quibus esse versa sus mors dicerri. Ferre et atomnemo nollem scripta. Praetultimid et faciente quidem sua. Ipsi qui es omnis huic meminsolis. Ab undit evenimper non mune eritudit, partis plane quidemus videat sum.', DEFAULT, DEFAULT), ('8c215274-ed2b-538d-8357-fe6bdb7af178', DEFAULT, NULL, 'Neque in modicis natur et contra ipidercit vel, ophia et cui cerem arguerent quam es maluisse.', 'Putant ad a et deseret in esse, iudicis consententia et inducimos sum confidetur rebus.', 'Per facillis variis debem magnus. Placebas legimpernat ari praeteritat posse accussitum. Nobissimul sentire quidem nulla quos nullo, scriberer aut perandae plentur dis quam. Et causam est affere prospexitis docenimo undia, poriscunt quae ipsummum atiuntque cura ut has am.', DEFAULT, DEFAULT), ('dace44c6-ccbd-5b7e-8182-989f5b85b6e7', DEFAULT, NULL, 'Praetermittat eratomnis pacemus cupidere de moles, voluptates si cupio ipsa molest sic natur loca.', 'Delectitud legertim habet homincidan conquirentur familiqui tam, melius naturallic ipsa continguantur didis sapiens.', 'Molesse bona pedalbucius in dolore. Caeco es bene ear quod cum et pugnantibiq. Sensu is rutilla acest melius ex, dici et bonorem sum referi.', DEFAULT, DEFAULT), ('266f1386-37e7-527f-9766-901bf9745644', DEFAULT, NULL, 'Voluptate et acceditiae quid taria, est et qui quoque eo qui.', 'In docui quia voluptatis hoc et.', 'Velime es desis legendiscor possunt qui, hoc videatur in admirerun ea. It hoc quem im migraret quid es quae, arendisser a captetura ego labordinem physicis nimium. Eo autem quod ut depultimo. Tam et inesse inum moribus. Autem exmulti quisquam magnitudin potit et sent omnis, tum vituptatib aeteripsa se tam studuis sensummum eorum.', DEFAULT, DEFAULT), ('c2962bcf-87ae-5319-95cf-333c54fd4c24', DEFAULT, NULL, 'Sit mandamna manu divincurrun se quae.', 'Eo infinitas specta horum ratione.', 'Et tantum multi est officerir unt inferanim, et licit quo pluribus ad efficitur vult. Optio sed obligangor expetum legamicet locos. Ut corpus aut proptera delectarum se omne novum. Idem commodum il quo a.', DEFAULT, DEFAULT), ('cd0a5cbc-872f-5e19-a857-e6f352b792e2', DEFAULT, NULL, 'Aut dicitanim quod aut aturam quem.', 'Maiores consequuntur et delecticiam segniorem el.', 'Panaetere rutilita perpetenim voluptas tranquillat. Inest si non expeten seiunctum nullam sive. Sed et tum in voluptatum, quo et tamen numere pacuvii eorum nec reprehendum.', DEFAULT, DEFAULT), ('4a2ca429-97e5-5f78-ab41-fa70a43e10f5', DEFAULT, NULL, 'Famil nullam inflammati ad sunt virtutibus.', 'Ipsis faciliustit et viven physico profectu cum.', 'Eis quosdam isque cognitudin dendum functio quodsi, temus qua sentiunt nec praesendam de. Ullius etiamus exedonem non ad, in fructu male totelectic sem. Contra nudus incursionis contra filio est voluptatis tranquillae, ipsam modo totelego bonarbitrat potiens quid aut. Ego voluptatem arent suis autem firmaterab, epicia fuit timant incultari dissidiarum tam.', DEFAULT, DEFAULT), ('751c5ad2-f805-568a-815e-8c97cae9db95', DEFAULT, NULL, 'Versa omnino natur fugiendi etur maximus, consuetudit et multa dicebas autem.', 'Scriptum acceditus uti consequentis indus nota sequamus.', 'Amicanim intellegeb in quidem mortemporro. Advero physicis et etis eorum t secut refercitus. Viden sic fonte andi salut ei.', DEFAULT, DEFAULT), ('7c6e9a3f-d45b-5e00-8175-482c9cd53402', DEFAULT, NULL, 'Percursionem in e quadamus quasi et graecisque equos.', 'Eturis in quae ac quae efficienti accomprehen fugiente.', 'Causam omni delicur tamur gravis lat. Ipsos licitatur serent nos laudantiqua, homin viditural comprehendae probamicul nihile intellegen labitatio. Ant ea consequendas graecos legi, sensu extremum fieri am non. Quid e appetum esse velinquit quae opere se. Voluptas epicur cupid erne sed beatam efficerim. Minut sensibi neglegation sed anime aut, autemus comparandae private etur praetere magis. Iliorem taneum iis quae omore nusquam, ne inquitatque vitae ipsisse his.', DEFAULT, DEFAULT), ('3221c337-ab5d-5bd9-8e46-62cd55a62543', DEFAULT, NULL, 'Dictum ectu tutem parationem tores eri.', 'Nihil minimos in qualis delicio satis.', 'Qua sentior magnumquam tu difficiat. Acuniae verum eo sibi utattico. Quae studiis adduce rerum mihi quasi, nec sint ignem fugiendum tam mortempore. Non si laboratum modo audivoli utatiustit ex ortum. Utus sic omnis quo orit, libid sine videt est iganimpet quae. Viven abiliari sententiae voluptat quidem, te nostris voluptatis ina patrioque bonum suo.', DEFAULT, DEFAULT), ('a8648844-b682-5cc8-88e8-584d6e3a6866', DEFAULT, NULL, 'Quidemurnum quem minus dicunt sint sed.', 'Conquirere fit necesse est quia dissermo probare cupid, nullam iudicia pericitor notioni est lectori.', 'Quoquo corpore si nullus bene minatque necest, familiquid nesciunt ime sapiens es uti fuisse quam. Facitemur refores et quid commenandi huius, tibi quasi aut conceditaq in aut voluptatem coniuncta. Nosci cum vire in quod et videbit cum, as incidero falso si tum elem si ini. Philos ida omnino si fugiendarum si. Referendum et nostram fugiatis detraxitat ex scientia gaudem. Voluptate sine eum maxime reddidicur, perio quidem nisi voluperam plane voluptas facianturbul.', DEFAULT, DEFAULT), ('6b2b8ba9-9095-5818-bdce-6bfbfdb5d69c', DEFAULT, NULL, 'Nihil mihi illud nisi se arenem omnia parent.', 'Graecis rerum fortunam utrius et, quanto a de iudicuri satisti eret as.', 'Sic eo quae conduci melius secum, retinquam endam prospexitiae ne nihilla de. Hanc tamquam qui vindicta quid reprehenim non quae. Affert quod hominem probamicor ego utinterror e.', DEFAULT, DEFAULT), ('b5b0b1ff-c99a-5a8e-af44-f46ca06c4398', DEFAULT, NULL, 'Possunt iis ex sapere enda exulissim instituantur cum.', 'Nos sibi finitati autem laus blanditas.', 'Effloresse ant scribent est neque summum senteneam, sed quibus perspicuum sequimuro sit apte. Si iudici ac sus eorum quam honest, cader albuci sapienda es voluptate. Noster putatione iditas ex esset in e, reprehendi eius bonoresse omnisque loqui quia. Tur si sempertur pronunt quae deditata sit hanc. Iudication et quo nisi ultimi potes nihiles, manus quas feraturei est in natur voluptas ad. Et legandae ad nostris fueriterit suo voluptatem. Sent intellegan depravargum saxumus hominterror.', DEFAULT, DEFAULT);
INSERT INTO public.template_activity (id,created_at,template_id,action,state,district) VALUES (316, DEFAULT, 'f1e96594-82f6-5be0-a8fa-90865c5c6978', 'favorite', 'MO', '4'), (317, DEFAULT, 'f1e96594-82f6-5be0-a8fa-90865c5c6978', 'favorite', 'MO', '4'), (318, DEFAULT, 'f1e96594-82f6-5be0-a8fa-90865c5c6978', 'favorite', 'MO', '4'), (319, DEFAULT, 'f1e96594-82f6-5be0-a8fa-90865c5c6978', 'favorite', 'MO', '4'), (320, DEFAULT, 'f1e96594-82f6-5be0-a8fa-90865c5c6978', 'favorite', 'MO', '4'), (321, DEFAULT, 'f1e96594-82f6-5be0-a8fa-90865c5c6978', 'favorite', 'MO', '4'), (322, DEFAULT, 'f1e96594-82f6-5be0-a8fa-90865c5c6978', 'favorite', 'MO', '4'), (323, DEFAULT, 'f1e96594-82f6-5be0-a8fa-90865c5c6978', 'favorite', 'MO', '4'), (324, DEFAULT, 'f1e96594-82f6-5be0-a8fa-90865c5c6978', 'favorite', 'MO', '4'), (325, DEFAULT, 'f1e96594-82f6-5be0-a8fa-90865c5c6978', 'favorite', 'MO', '4'), (326, DEFAULT, 'f1e96594-82f6-5be0-a8fa-90865c5c6978', 'favorite', 'MO', '4'), (327, DEFAULT, 'f1e96594-82f6-5be0-a8fa-90865c5c6978', 'favorite', 'MO', '4'), (328, DEFAULT, 'f1e96594-82f6-5be0-a8fa-90865c5c6978', 'favorite', 'MO', '4'), (329, DEFAULT, 'f1e96594-82f6-5be0-a8fa-90865c5c6978', 'favorite', 'MO', '4'), (330, DEFAULT, 'f1e96594-82f6-5be0-a8fa-90865c5c6978', 'favorite', 'MO', '4'), (331, DEFAULT, 'f1e96594-82f6-5be0-a8fa-90865c5c6978', 'favorite', 'MO', '4'), (332, DEFAULT, 'f1e96594-82f6-5be0-a8fa-90865c5c6978', 'favorite', 'MO', '4'), (333, DEFAULT, 'f1e96594-82f6-5be0-a8fa-90865c5c6978', 'favorite', 'MO', '4'), (334, DEFAULT, 'f1e96594-82f6-5be0-a8fa-90865c5c6978', 'favorite', 'MO', '4'), (335, DEFAULT, 'f1e96594-82f6-5be0-a8fa-90865c5c6978', 'favorite', 'MO', '4'), (336, DEFAULT, 'f1e96594-82f6-5be0-a8fa-90865c5c6978', 'favorite', 'MO', '4'), (337, DEFAULT, 'f1e96594-82f6-5be0-a8fa-90865c5c6978', 'favorite', 'MO', '4'), (338, DEFAULT, 'f1e96594-82f6-5be0-a8fa-90865c5c6978', 'favorite', 'MO', '4'), (339, DEFAULT, 'f1e96594-82f6-5be0-a8fa-90865c5c6978', 'favorite', 'MO', '4'), (340, DEFAULT, 'f1e96594-82f6-5be0-a8fa-90865c5c6978', 'favorite', 'MO', '4'), (341, DEFAULT, 'f1e96594-82f6-5be0-a8fa-90865c5c6978', 'favorite', 'MO', '4'), (342, DEFAULT, 'f1e96594-82f6-5be0-a8fa-90865c5c6978', 'favorite', 'MO', '4'), (343, DEFAULT, 'f1e96594-82f6-5be0-a8fa-90865c5c6978', 'favorite', 'MO', '4'), (344, DEFAULT, 'f1e96594-82f6-5be0-a8fa-90865c5c6978', 'favorite', 'MO', '4'), (345, DEFAULT, 'f1e96594-82f6-5be0-a8fa-90865c5c6978', 'favorite', 'MO', '4'), (346, DEFAULT, 'f1e96594-82f6-5be0-a8fa-90865c5c6978', 'favorite', 'MO', '4'), (347, DEFAULT, 'f1e96594-82f6-5be0-a8fa-90865c5c6978', 'favorite', 'MO', '4'), (348, DEFAULT, 'f1e96594-82f6-5be0-a8fa-90865c5c6978', 'favorite', 'MO', '4'), (349, DEFAULT, 'f1e96594-82f6-5be0-a8fa-90865c5c6978', 'favorite', 'MO', '4'), (350, DEFAULT, 'f1e96594-82f6-5be0-a8fa-90865c5c6978', 'favorite', 'MO', '4'), (351, DEFAULT, 'f1e96594-82f6-5be0-a8fa-90865c5c6978', 'favorite', 'MO', '4'), (352, DEFAULT, 'f1e96594-82f6-5be0-a8fa-90865c5c6978', 'favorite', 'MO', '4'), (353, DEFAULT, 'f1e96594-82f6-5be0-a8fa-90865c5c6978', 'favorite', 'MO', '4'), (354, DEFAULT, 'f1e96594-82f6-5be0-a8fa-90865c5c6978', 'favorite', 'MO', '4'), (355, DEFAULT, 'f1e96594-82f6-5be0-a8fa-90865c5c6978', 'favorite', 'MO', '4'), (356, DEFAULT, 'f1e96594-82f6-5be0-a8fa-90865c5c6978', 'favorite', 'MO', '4'), (357, DEFAULT, 'f1e96594-82f6-5be0-a8fa-90865c5c6978', 'favorite', 'MO', '4'), (358, DEFAULT, 'f1e96594-82f6-5be0-a8fa-90865c5c6978', 'favorite', 'MO', '4'), (359, DEFAULT, 'f1e96594-82f6-5be0-a8fa-90865c5c6978', 'favorite', 'MO', '4'), (360, DEFAULT, 'f1e96594-82f6-5be0-a8fa-90865c5c6978', 'favorite', 'MO', '4'), (361, DEFAULT, 'f1e96594-82f6-5be0-a8fa-90865c5c6978', 'favorite', 'MO', '4'), (362, DEFAULT, 'f1e96594-82f6-5be0-a8fa-90865c5c6978', 'favorite', 'MO', '4'), (363, DEFAULT, 'f1e96594-82f6-5be0-a8fa-90865c5c6978', 'favorite', 'MO', '4'), (364, DEFAULT, 'f1e96594-82f6-5be0-a8fa-90865c5c6978', 'favorite', 'MO', '4'), (365, DEFAULT, 'f1e96594-82f6-5be0-a8fa-90865c5c6978', 'favorite', 'MO', '4'), (366, DEFAULT, 'f1e96594-82f6-5be0-a8fa-90865c5c6978', 'favorite', 'MO', '4'), (367, DEFAULT, 'f1e96594-82f6-5be0-a8fa-90865c5c6978', 'favorite', 'MO', '4'), (368, DEFAULT, 'f1e96594-82f6-5be0-a8fa-90865c5c6978', 'favorite', 'MO', '4'), (369, DEFAULT, 'f1e96594-82f6-5be0-a8fa-90865c5c6978', 'favorite', 'MO', '4'), (370, DEFAULT, 'f1e96594-82f6-5be0-a8fa-90865c5c6978', 'favorite', 'MO', '4'), (371, DEFAULT, 'f1e96594-82f6-5be0-a8fa-90865c5c6978', 'favorite', 'MO', '4'), (372, DEFAULT, 'f1e96594-82f6-5be0-a8fa-90865c5c6978', 'favorite', 'MO', '4'), (373, DEFAULT, 'f1e96594-82f6-5be0-a8fa-90865c5c6978', 'favorite', 'MO', '4'), (374, DEFAULT, 'f1e96594-82f6-5be0-a8fa-90865c5c6978', 'favorite', 'MO', '4'), (375, DEFAULT, 'f1e96594-82f6-5be0-a8fa-90865c5c6978', 'favorite', 'MO', '4'), (376, DEFAULT, 'f1e96594-82f6-5be0-a8fa-90865c5c6978', 'favorite', 'MO', '4'), (377, DEFAULT, 'f1e96594-82f6-5be0-a8fa-90865c5c6978', 'favorite', 'MO', '4'), (378, DEFAULT, 'f1e96594-82f6-5be0-a8fa-90865c5c6978', 'favorite', 'MO', '4'), (379, DEFAULT, 'f1e96594-82f6-5be0-a8fa-90865c5c6978', 'favorite', 'MO', '4'), (380, DEFAULT, 'f1e96594-82f6-5be0-a8fa-90865c5c6978', 'favorite', 'MO', '4'), (381, DEFAULT, 'f1e96594-82f6-5be0-a8fa-90865c5c6978', 'favorite', 'MO', '4'), (382, DEFAULT, 'f1e96594-82f6-5be0-a8fa-90865c5c6978', 'favorite', 'MO', '4'), (383, DEFAULT, 'f1e96594-82f6-5be0-a8fa-90865c5c6978', 'favorite', 'MO', '4'), (384, DEFAULT, 'f1e96594-82f6-5be0-a8fa-90865c5c6978', 'favorite', 'MO', '4'), (385, DEFAULT, 'f1e96594-82f6-5be0-a8fa-90865c5c6978', 'favorite', 'MO', '4'), (386, DEFAULT, 'f1e96594-82f6-5be0-a8fa-90865c5c6978', 'favorite', 'MO', '4'), (387, DEFAULT, 'f1e96594-82f6-5be0-a8fa-90865c5c6978', 'favorite', 'MO', '4'), (388, DEFAULT, 'f1e96594-82f6-5be0-a8fa-90865c5c6978', 'favorite', 'MO', '4'), (389, DEFAULT, 'f1e96594-82f6-5be0-a8fa-90865c5c6978', 'favorite', 'MO', '4'), (390, DEFAULT, 'f1e96594-82f6-5be0-a8fa-90865c5c6978', 'favorite', 'MO', '4'), (391, DEFAULT, 'f1e96594-82f6-5be0-a8fa-90865c5c6978', 'favorite', 'MO', '4'), (392, DEFAULT, 'f1e96594-82f6-5be0-a8fa-90865c5c6978', 'favorite', 'MO', '4'), (393, DEFAULT, 'f1e96594-82f6-5be0-a8fa-90865c5c6978', 'favorite', 'MO', '4'), (394, DEFAULT, 'f1e96594-82f6-5be0-a8fa-90865c5c6978', 'favorite', 'MO', '4'), (395, DEFAULT, 'f1e96594-82f6-5be0-a8fa-90865c5c6978', 'favorite', 'MO', '4'), (396, DEFAULT, 'f1e96594-82f6-5be0-a8fa-90865c5c6978', 'favorite', 'MO', '4'), (397, DEFAULT, 'f1e96594-82f6-5be0-a8fa-90865c5c6978', 'favorite', 'MO', '4'), (398, DEFAULT, 'f1e96594-82f6-5be0-a8fa-90865c5c6978', 'favorite', 'MO', '4'), (399, DEFAULT, 'f1e96594-82f6-5be0-a8fa-90865c5c6978', 'favorite', 'MO', '4'), (400, DEFAULT, 'f1e96594-82f6-5be0-a8fa-90865c5c6978', 'favorite', 'MO', '4'), (401, DEFAULT, 'f1e96594-82f6-5be0-a8fa-90865c5c6978', 'favorite', 'MO', '4'), (402, DEFAULT, 'f1e96594-82f6-5be0-a8fa-90865c5c6978', 'favorite', 'MO', '4'), (403, DEFAULT, 'f1e96594-82f6-5be0-a8fa-90865c5c6978', 'favorite', 'MO', '4'), (404, DEFAULT, 'f1e96594-82f6-5be0-a8fa-90865c5c6978', 'favorite', 'MO', '4'), (405, DEFAULT, 'f1e96594-82f6-5be0-a8fa-90865c5c6978', 'favorite', 'MO', '4'), (406, DEFAULT, 'f1e96594-82f6-5be0-a8fa-90865c5c6978', 'favorite', 'MO', '4'), (407, DEFAULT, 'f1e96594-82f6-5be0-a8fa-90865c5c6978', 'favorite', 'MO', '4'), (408, DEFAULT, 'f1e96594-82f6-5be0-a8fa-90865c5c6978', 'favorite', 'MO', '4'), (409, DEFAULT, 'f1e96594-82f6-5be0-a8fa-90865c5c6978', 'favorite', 'MO', '4'), (410, DEFAULT, 'f1e96594-82f6-5be0-a8fa-90865c5c6978', 'favorite', 'MO', '4'), (411, DEFAULT, 'f1e96594-82f6-5be0-a8fa-90865c5c6978', 'favorite', 'MO', '4'), (412, DEFAULT, 'f1e96594-82f6-5be0-a8fa-90865c5c6978', 'favorite', 'MO', '4'), (413, DEFAULT, 'f1e96594-82f6-5be0-a8fa-90865c5c6978', 'favorite', 'MO', '4'), (414, DEFAULT, 'f1e96594-82f6-5be0-a8fa-90865c5c6978', 'favorite', 'MO', '4'), (415, DEFAULT, 'f1e96594-82f6-5be0-a8fa-90865c5c6978', 'favorite', 'MO', '4'), (416, DEFAULT, '400ebc38-f3f1-5aa7-adb6-0b8d37d7fc7a', 'email', 'TX', '49'), (417, DEFAULT, '400ebc38-f3f1-5aa7-adb6-0b8d37d7fc7a', 'favorite', 'MS', '43'), (418, DEFAULT, '400ebc38-f3f1-5aa7-adb6-0b8d37d7fc7a', 'share', 'NE', '23'), (419, DEFAULT, 'd6255339-6dda-51b1-af43-9224eef5d136', 'flag', 'KY', '17'), (420, DEFAULT, 'd6255339-6dda-51b1-af43-9224eef5d136', 'call', 'IN', '31'), (421, DEFAULT, 'd6255339-6dda-51b1-af43-9224eef5d136', 'email', 'WV', '41'), (422, DEFAULT, 'd6255339-6dda-51b1-af43-9224eef5d136', 'share', 'ME', '36'), (423, DEFAULT, 'd6255339-6dda-51b1-af43-9224eef5d136', 'email', 'SC', '27'), (424, DEFAULT, 'd6255339-6dda-51b1-af43-9224eef5d136', 'call', 'AR', '52'), (425, DEFAULT, 'd6255339-6dda-51b1-af43-9224eef5d136', 'email', 'ID', '38'), (426, DEFAULT, 'd6255339-6dda-51b1-af43-9224eef5d136', 'favorite', 'CO', '12'), (427, DEFAULT, 'd6255339-6dda-51b1-af43-9224eef5d136', 'call', 'AL', '39'), (428, DEFAULT, 'd6255339-6dda-51b1-af43-9224eef5d136', 'call', 'OR', '23'), (429, DEFAULT, 'd6255339-6dda-51b1-af43-9224eef5d136', 'email', 'CO', '13'), (430, DEFAULT, 'd6255339-6dda-51b1-af43-9224eef5d136', 'share', 'CT', '4'), (431, DEFAULT, 'd6255339-6dda-51b1-af43-9224eef5d136', 'share', 'FL', '56'), (432, DEFAULT, 'd6255339-6dda-51b1-af43-9224eef5d136', 'email', 'AL', '38'), (433, DEFAULT, 'd6255339-6dda-51b1-af43-9224eef5d136', 'share', 'CT', '33'), (434, DEFAULT, 'd6255339-6dda-51b1-af43-9224eef5d136', 'share', 'PA', '20'), (435, DEFAULT, 'd6255339-6dda-51b1-af43-9224eef5d136', 'email', 'UT', '59'), (436, DEFAULT, 'd6255339-6dda-51b1-af43-9224eef5d136', 'call', 'WY', '47'), (437, DEFAULT, 'd6255339-6dda-51b1-af43-9224eef5d136', 'favorite', 'PA', '23'), (438, DEFAULT, 'd6255339-6dda-51b1-af43-9224eef5d136', 'share', 'VT', '44'), (439, DEFAULT, 'd6255339-6dda-51b1-af43-9224eef5d136', 'call', 'ND', '36'), (440, DEFAULT, 'd6255339-6dda-51b1-af43-9224eef5d136', 'email', 'MA', '7'), (441, DEFAULT, 'd6255339-6dda-51b1-af43-9224eef5d136', 'email', 'MS', '29'), (442, DEFAULT, 'd6255339-6dda-51b1-af43-9224eef5d136', 'call', 'SD', '16'), (443, DEFAULT, 'd6255339-6dda-51b1-af43-9224eef5d136', 'email', 'IA', '44'), (444, DEFAULT, 'd6255339-6dda-51b1-af43-9224eef5d136', 'favorite', 'NE', '53'), (445, DEFAULT, '635d16dd-5959-5009-80f9-3e7d79d379aa', 'share', 'MA', '6'), (446, DEFAULT, '635d16dd-5959-5009-80f9-3e7d79d379aa', 'call', 'NE', '21'), (447, DEFAULT, '635d16dd-5959-5009-80f9-3e7d79d379aa', 'share', 'SD', '46'), (448, DEFAULT, '635d16dd-5959-5009-80f9-3e7d79d379aa', 'flag', 'OR', '58'), (449, DEFAULT, '635d16dd-5959-5009-80f9-3e7d79d379aa', 'flag', 'CT', '27'), (450, DEFAULT, '635d16dd-5959-5009-80f9-3e7d79d379aa', 'favorite', 'WA', '52'), (451, DEFAULT, '635d16dd-5959-5009-80f9-3e7d79d379aa', 'email', 'IL', '39'), (452, DEFAULT, 'b92580f4-548a-5ba5-a942-62bda5177747', 'call', 'HI', '29'), (453, DEFAULT, 'b92580f4-548a-5ba5-a942-62bda5177747', 'share', 'AL', '55'), (454, DEFAULT, 'b92580f4-548a-5ba5-a942-62bda5177747', 'call', 'SD', '26'), (455, DEFAULT, 'b92580f4-548a-5ba5-a942-62bda5177747', 'flag', 'NE', '24'), (456, DEFAULT, 'b92580f4-548a-5ba5-a942-62bda5177747', 'email', 'HI', '54'), (457, DEFAULT, 'b92580f4-548a-5ba5-a942-62bda5177747', 'call', 'GA', '32'), (458, DEFAULT, 'b92580f4-548a-5ba5-a942-62bda5177747', 'call', 'CO', '17'), (459, DEFAULT, 'b92580f4-548a-5ba5-a942-62bda5177747', 'email', 'CO', '3'), (460, DEFAULT, 'b92580f4-548a-5ba5-a942-62bda5177747', 'email', 'KS', '8'), (461, DEFAULT, 'b92580f4-548a-5ba5-a942-62bda5177747', 'share', 'AR', '26'), (462, DEFAULT, 'b92580f4-548a-5ba5-a942-62bda5177747', 'call', 'ND', '35'), (463, DEFAULT, 'b92580f4-548a-5ba5-a942-62bda5177747', 'email', 'NV', '56'), (464, DEFAULT, 'b92580f4-548a-5ba5-a942-62bda5177747', 'favorite', 'PA', '2'), (465, DEFAULT, 'b92580f4-548a-5ba5-a942-62bda5177747', 'favorite', 'FL', '44'), (466, DEFAULT, 'b92580f4-548a-5ba5-a942-62bda5177747', 'share', 'ND', '29'), (467, DEFAULT, 'b92580f4-548a-5ba5-a942-62bda5177747', 'favorite', 'NH', '43'), (468, DEFAULT, 'b92580f4-548a-5ba5-a942-62bda5177747', 'favorite', 'ID', '27'), (469, DEFAULT, 'b92580f4-548a-5ba5-a942-62bda5177747', 'flag', 'OH', '2'), (470, DEFAULT, 'b92580f4-548a-5ba5-a942-62bda5177747', 'call', 'IA', '19'), (471, DEFAULT, 'b92580f4-548a-5ba5-a942-62bda5177747', 'share', 'MA', '24'), (472, DEFAULT, 'b92580f4-548a-5ba5-a942-62bda5177747', 'flag', 'CA', '17'), (473, DEFAULT, 'b92580f4-548a-5ba5-a942-62bda5177747', 'call', 'VT', '39'), (474, DEFAULT, 'b92580f4-548a-5ba5-a942-62bda5177747', 'call', 'RI', '12'), (475, DEFAULT, 'b92580f4-548a-5ba5-a942-62bda5177747', 'call', 'MT', '54'), (476, DEFAULT, 'b92580f4-548a-5ba5-a942-62bda5177747', 'favorite', 'MN', '27'), (477, DEFAULT, 'b92580f4-548a-5ba5-a942-62bda5177747', 'email', 'NJ', '8'), (478, DEFAULT, 'b92580f4-548a-5ba5-a942-62bda5177747', 'share', 'TN', '22'), (479, DEFAULT, 'b92580f4-548a-5ba5-a942-62bda5177747', 'call', 'CO', '24'), (480, DEFAULT, 'b92580f4-548a-5ba5-a942-62bda5177747', 'favorite', 'AR', '51'), (481, DEFAULT, '8f52e015-0cdf-5632-973c-a22b86d24ec3', 'email', 'NC', '42'), (482, DEFAULT, '8f52e015-0cdf-5632-973c-a22b86d24ec3', 'share', 'AR', '10'), (483, DEFAULT, '8f52e015-0cdf-5632-973c-a22b86d24ec3', 'flag', 'WI', '5'), (484, DEFAULT, '8f52e015-0cdf-5632-973c-a22b86d24ec3', 'flag', 'MA', '48'), (485, DEFAULT, '8f52e015-0cdf-5632-973c-a22b86d24ec3', 'flag', 'UT', '14'), (486, DEFAULT, '8f52e015-0cdf-5632-973c-a22b86d24ec3', 'call', 'NE', '60'), (487, DEFAULT, '8f52e015-0cdf-5632-973c-a22b86d24ec3', 'call', 'NE', '10'), (488, DEFAULT, '8f52e015-0cdf-5632-973c-a22b86d24ec3', 'flag', 'VA', '32'), (489, DEFAULT, '8f52e015-0cdf-5632-973c-a22b86d24ec3', 'favorite', 'GA', '31'), (490, DEFAULT, '8f52e015-0cdf-5632-973c-a22b86d24ec3', 'call', 'CA', '25'), (491, DEFAULT, '8f52e015-0cdf-5632-973c-a22b86d24ec3', 'flag', 'NE', '30'), (492, DEFAULT, '8f52e015-0cdf-5632-973c-a22b86d24ec3', 'flag', 'NM', '1'), (493, DEFAULT, '8f52e015-0cdf-5632-973c-a22b86d24ec3', 'flag', 'MT', '54'), (494, DEFAULT, '8f52e015-0cdf-5632-973c-a22b86d24ec3', 'favorite', 'CO', '29'), (495, DEFAULT, '8f52e015-0cdf-5632-973c-a22b86d24ec3', 'share', 'KS', '55'), (496, DEFAULT, '8f52e015-0cdf-5632-973c-a22b86d24ec3', 'call', 'NY', '60'), (497, DEFAULT, '8f52e015-0cdf-5632-973c-a22b86d24ec3', 'call', 'AL', '45'), (498, DEFAULT, '8f52e015-0cdf-5632-973c-a22b86d24ec3', 'email', 'AR', '16'), (499, DEFAULT, '8f52e015-0cdf-5632-973c-a22b86d24ec3', 'favorite', 'SD', '5'), (500, DEFAULT, '8f52e015-0cdf-5632-973c-a22b86d24ec3', 'call', 'AZ', '21'), (501, DEFAULT, '8f52e015-0cdf-5632-973c-a22b86d24ec3', 'favorite', 'WI', '37'), (502, DEFAULT, '8f52e015-0cdf-5632-973c-a22b86d24ec3', 'email', 'NH', '47'), (503, DEFAULT, '88a5f701-7696-5a72-aa88-c0c42fc90fd0', 'email', 'NH', '23'), (504, DEFAULT, '88a5f701-7696-5a72-aa88-c0c42fc90fd0', 'flag', 'RI', '33'), (505, DEFAULT, '88a5f701-7696-5a72-aa88-c0c42fc90fd0', 'share', 'WI', '18'), (506, DEFAULT, '88a5f701-7696-5a72-aa88-c0c42fc90fd0', 'share', 'MT', '32'), (507, DEFAULT, '88a5f701-7696-5a72-aa88-c0c42fc90fd0', 'favorite', 'NH', '53'), (508, DEFAULT, '88a5f701-7696-5a72-aa88-c0c42fc90fd0', 'favorite', 'SD', '52'), (509, DEFAULT, '88a5f701-7696-5a72-aa88-c0c42fc90fd0', 'favorite', 'ID', '55'), (510, DEFAULT, '88a5f701-7696-5a72-aa88-c0c42fc90fd0', 'flag', 'OK', '29'), (511, DEFAULT, '88a5f701-7696-5a72-aa88-c0c42fc90fd0', 'call', 'OK', '29'), (512, DEFAULT, '88a5f701-7696-5a72-aa88-c0c42fc90fd0', 'email', 'MA', '23'), (513, DEFAULT, 'e457489f-cac7-5497-8301-09f1116a1ade', 'favorite', 'IA', '42'), (514, DEFAULT, 'e457489f-cac7-5497-8301-09f1116a1ade', 'flag', 'NY', '52'), (515, DEFAULT, 'e457489f-cac7-5497-8301-09f1116a1ade', 'favorite', 'MO', '17'), (516, DEFAULT, 'e457489f-cac7-5497-8301-09f1116a1ade', 'flag', 'ID', '10'), (517, DEFAULT, 'e457489f-cac7-5497-8301-09f1116a1ade', 'call', 'IA', '50'), (518, DEFAULT, 'e457489f-cac7-5497-8301-09f1116a1ade', 'share', 'NJ', '23'), (519, DEFAULT, 'e457489f-cac7-5497-8301-09f1116a1ade', 'flag', 'AK', '57'), (520, DEFAULT, 'e457489f-cac7-5497-8301-09f1116a1ade', 'call', 'PA', '3'), (521, DEFAULT, '8c215274-ed2b-538d-8357-fe6bdb7af178', 'call', 'ND', '27'), (522, DEFAULT, '8c215274-ed2b-538d-8357-fe6bdb7af178', 'share', 'IN', '50'), (523, DEFAULT, '8c215274-ed2b-538d-8357-fe6bdb7af178', 'favorite', 'NY', '15'), (524, DEFAULT, '8c215274-ed2b-538d-8357-fe6bdb7af178', 'share', 'IN', '50'), (525, DEFAULT, '8c215274-ed2b-538d-8357-fe6bdb7af178', 'favorite', 'IL', '39'), (526, DEFAULT, '8c215274-ed2b-538d-8357-fe6bdb7af178', 'favorite', 'VA', '11'), (527, DEFAULT, '8c215274-ed2b-538d-8357-fe6bdb7af178', 'email', 'OH', '53'), (528, DEFAULT, '8c215274-ed2b-538d-8357-fe6bdb7af178', 'call', 'CA', '5'), (529, DEFAULT, '8c215274-ed2b-538d-8357-fe6bdb7af178', 'flag', 'MA', '57'), (530, DEFAULT, '8c215274-ed2b-538d-8357-fe6bdb7af178', 'email', 'KS', '22'), (531, DEFAULT, '8c215274-ed2b-538d-8357-fe6bdb7af178', 'email', 'AZ', '35'), (532, DEFAULT, '8c215274-ed2b-538d-8357-fe6bdb7af178', 'favorite', 'WV', '53'), (533, DEFAULT, '8c215274-ed2b-538d-8357-fe6bdb7af178', 'call', 'SC', '51'), (534, DEFAULT, '8c215274-ed2b-538d-8357-fe6bdb7af178', 'flag', 'CO', '34'), (535, DEFAULT, '8c215274-ed2b-538d-8357-fe6bdb7af178', 'call', 'FL', '47'), (536, DEFAULT, '8c215274-ed2b-538d-8357-fe6bdb7af178', 'email', 'IL', '48'), (537, DEFAULT, '8c215274-ed2b-538d-8357-fe6bdb7af178', 'share', 'SC', '14'), (538, DEFAULT, '8c215274-ed2b-538d-8357-fe6bdb7af178', 'flag', 'MA', '27'), (539, DEFAULT, '8c215274-ed2b-538d-8357-fe6bdb7af178', 'call', 'HI', '59'), (540, DEFAULT, '8c215274-ed2b-538d-8357-fe6bdb7af178', 'call', 'OH', '56'), (541, DEFAULT, '8c215274-ed2b-538d-8357-fe6bdb7af178', 'call', 'NE', '37'), (542, DEFAULT, '8c215274-ed2b-538d-8357-fe6bdb7af178', 'share', 'ND', '31'), (543, DEFAULT, '8c215274-ed2b-538d-8357-fe6bdb7af178', 'favorite', 'IA', '18'), (544, DEFAULT, '8c215274-ed2b-538d-8357-fe6bdb7af178', 'share', 'NJ', '52'), (545, DEFAULT, '8c215274-ed2b-538d-8357-fe6bdb7af178', 'call', 'KS', '22'), (546, DEFAULT, '8c215274-ed2b-538d-8357-fe6bdb7af178', 'share', 'WA', '10'), (547, DEFAULT, '8c215274-ed2b-538d-8357-fe6bdb7af178', 'share', 'IL', '20'), (548, DEFAULT, '8c215274-ed2b-538d-8357-fe6bdb7af178', 'flag', 'CA', '24'), (549, DEFAULT, 'dace44c6-ccbd-5b7e-8182-989f5b85b6e7', 'share', 'NE', '30'), (550, DEFAULT, 'dace44c6-ccbd-5b7e-8182-989f5b85b6e7', 'flag', 'IL', '22'), (551, DEFAULT, 'dace44c6-ccbd-5b7e-8182-989f5b85b6e7', 'call', 'WA', '16'), (552, DEFAULT, 'dace44c6-ccbd-5b7e-8182-989f5b85b6e7', 'favorite', 'MO', '51'), (553, DEFAULT, 'dace44c6-ccbd-5b7e-8182-989f5b85b6e7', 'flag', 'WV', '10'), (554, DEFAULT, 'dace44c6-ccbd-5b7e-8182-989f5b85b6e7', 'share', 'KY', '28'), (555, DEFAULT, 'dace44c6-ccbd-5b7e-8182-989f5b85b6e7', 'flag', 'VT', '60'), (556, DEFAULT, 'dace44c6-ccbd-5b7e-8182-989f5b85b6e7', 'favorite', 'MN', '40'), (557, DEFAULT, 'dace44c6-ccbd-5b7e-8182-989f5b85b6e7', 'share', 'DE', '36'), (558, DEFAULT, 'dace44c6-ccbd-5b7e-8182-989f5b85b6e7', 'flag', 'VT', '15'), (559, DEFAULT, 'dace44c6-ccbd-5b7e-8182-989f5b85b6e7', 'flag', 'WI', '20'), (560, DEFAULT, 'dace44c6-ccbd-5b7e-8182-989f5b85b6e7', 'flag', 'PA', '9'), (561, DEFAULT, 'dace44c6-ccbd-5b7e-8182-989f5b85b6e7', 'share', 'OK', '57'), (562, DEFAULT, 'dace44c6-ccbd-5b7e-8182-989f5b85b6e7', 'share', 'SD', '36'), (563, DEFAULT, 'dace44c6-ccbd-5b7e-8182-989f5b85b6e7', 'share', 'MT', '21'), (564, DEFAULT, 'dace44c6-ccbd-5b7e-8182-989f5b85b6e7', 'email', 'AR', '11'), (565, DEFAULT, 'dace44c6-ccbd-5b7e-8182-989f5b85b6e7', 'email', 'NH', '31'), (566, DEFAULT, '266f1386-37e7-527f-9766-901bf9745644', 'share', 'RI', '45'), (567, DEFAULT, '266f1386-37e7-527f-9766-901bf9745644', 'email', 'OR', '27'), (568, DEFAULT, '266f1386-37e7-527f-9766-901bf9745644', 'share', 'AL', '27'), (569, DEFAULT, '266f1386-37e7-527f-9766-901bf9745644', 'favorite', 'TX', '41'), (570, DEFAULT, '266f1386-37e7-527f-9766-901bf9745644', 'flag', 'AL', '24'), (571, DEFAULT, '266f1386-37e7-527f-9766-901bf9745644', 'email', 'WV', '15'), (572, DEFAULT, '266f1386-37e7-527f-9766-901bf9745644', 'share', 'AZ', '31'), (573, DEFAULT, '266f1386-37e7-527f-9766-901bf9745644', 'share', 'ID', '30'), (574, DEFAULT, '266f1386-37e7-527f-9766-901bf9745644', 'share', 'PA', '56'), (575, DEFAULT, '266f1386-37e7-527f-9766-901bf9745644', 'flag', 'ME', '16'), (576, DEFAULT, '266f1386-37e7-527f-9766-901bf9745644', 'share', 'CT', '28'), (577, DEFAULT, 'c2962bcf-87ae-5319-95cf-333c54fd4c24', 'share', 'WI', '35'), (578, DEFAULT, 'c2962bcf-87ae-5319-95cf-333c54fd4c24', 'share', 'RI', '10'), (579, DEFAULT, 'c2962bcf-87ae-5319-95cf-333c54fd4c24', 'flag', 'ME', '5'), (580, DEFAULT, 'c2962bcf-87ae-5319-95cf-333c54fd4c24', 'favorite', 'MN', '19'), (581, DEFAULT, 'c2962bcf-87ae-5319-95cf-333c54fd4c24', 'share', 'KY', '53'), (582, DEFAULT, 'cd0a5cbc-872f-5e19-a857-e6f352b792e2', 'call', 'NY', '33'), (583, DEFAULT, 'cd0a5cbc-872f-5e19-a857-e6f352b792e2', 'flag', 'UT', '34'), (584, DEFAULT, 'cd0a5cbc-872f-5e19-a857-e6f352b792e2', 'share', 'MS', '35'), (585, DEFAULT, 'cd0a5cbc-872f-5e19-a857-e6f352b792e2', 'flag', 'OK', '16'), (586, DEFAULT, 'cd0a5cbc-872f-5e19-a857-e6f352b792e2', 'email', 'NE', '47'), (587, DEFAULT, 'cd0a5cbc-872f-5e19-a857-e6f352b792e2', 'share', 'DE', '30'), (588, DEFAULT, 'cd0a5cbc-872f-5e19-a857-e6f352b792e2', 'call', 'IA', '23'), (589, DEFAULT, 'cd0a5cbc-872f-5e19-a857-e6f352b792e2', 'flag', 'ND', '3'), (590, DEFAULT, 'cd0a5cbc-872f-5e19-a857-e6f352b792e2', 'call', 'KS', '5'), (591, DEFAULT, 'cd0a5cbc-872f-5e19-a857-e6f352b792e2', 'flag', 'SC', '16'), (592, DEFAULT, 'cd0a5cbc-872f-5e19-a857-e6f352b792e2', 'flag', 'DE', '43'), (593, DEFAULT, 'cd0a5cbc-872f-5e19-a857-e6f352b792e2', 'favorite', 'UT', '16'), (594, DEFAULT, 'cd0a5cbc-872f-5e19-a857-e6f352b792e2', 'email', 'UT', '38'), (595, DEFAULT, 'cd0a5cbc-872f-5e19-a857-e6f352b792e2', 'call', 'ME', '10'), (596, DEFAULT, 'cd0a5cbc-872f-5e19-a857-e6f352b792e2', 'call', 'KS', '34'), (597, DEFAULT, 'cd0a5cbc-872f-5e19-a857-e6f352b792e2', 'favorite', 'AZ', '15'), (598, DEFAULT, 'cd0a5cbc-872f-5e19-a857-e6f352b792e2', 'flag', 'TX', '12'), (599, DEFAULT, 'cd0a5cbc-872f-5e19-a857-e6f352b792e2', 'email', 'NE', '3'), (600, DEFAULT, 'cd0a5cbc-872f-5e19-a857-e6f352b792e2', 'favorite', 'WV', '5'), (601, DEFAULT, 'cd0a5cbc-872f-5e19-a857-e6f352b792e2', 'favorite', 'DE', '46'), (602, DEFAULT, 'cd0a5cbc-872f-5e19-a857-e6f352b792e2', 'flag', 'TX', '54'), (603, DEFAULT, 'cd0a5cbc-872f-5e19-a857-e6f352b792e2', 'flag', 'MN', '58'), (604, DEFAULT, 'cd0a5cbc-872f-5e19-a857-e6f352b792e2', 'call', 'MS', '50'), (605, DEFAULT, 'cd0a5cbc-872f-5e19-a857-e6f352b792e2', 'email', 'MD', '43'), (606, DEFAULT, 'cd0a5cbc-872f-5e19-a857-e6f352b792e2', 'flag', 'MT', '34'), (607, DEFAULT, 'cd0a5cbc-872f-5e19-a857-e6f352b792e2', 'share', 'SC', '11'), (608, DEFAULT, 'cd0a5cbc-872f-5e19-a857-e6f352b792e2', 'email', 'VA', '6'), (609, DEFAULT, 'cd0a5cbc-872f-5e19-a857-e6f352b792e2', 'flag', 'OR', '14'), (610, DEFAULT, 'cd0a5cbc-872f-5e19-a857-e6f352b792e2', 'email', 'MN', '16'), (611, DEFAULT, '4a2ca429-97e5-5f78-ab41-fa70a43e10f5', 'flag', 'NM', '43'), (612, DEFAULT, '4a2ca429-97e5-5f78-ab41-fa70a43e10f5', 'call', 'IL', '47'), (613, DEFAULT, '4a2ca429-97e5-5f78-ab41-fa70a43e10f5', 'share', 'IL', '5'), (614, DEFAULT, '4a2ca429-97e5-5f78-ab41-fa70a43e10f5', 'share', 'MS', '8'), (615, DEFAULT, '4a2ca429-97e5-5f78-ab41-fa70a43e10f5', 'email', 'NE', '35'), (616, DEFAULT, '751c5ad2-f805-568a-815e-8c97cae9db95', 'email', 'AL', '19'), (617, DEFAULT, '751c5ad2-f805-568a-815e-8c97cae9db95', 'flag', 'AZ', '28'), (618, DEFAULT, '751c5ad2-f805-568a-815e-8c97cae9db95', 'email', 'MN', '6'), (619, DEFAULT, '751c5ad2-f805-568a-815e-8c97cae9db95', 'share', 'NH', '52'), (620, DEFAULT, '751c5ad2-f805-568a-815e-8c97cae9db95', 'favorite', 'UT', '20'), (621, DEFAULT, '751c5ad2-f805-568a-815e-8c97cae9db95', 'email', 'HI', '32'), (622, DEFAULT, '751c5ad2-f805-568a-815e-8c97cae9db95', 'favorite', 'NJ', '34'), (623, DEFAULT, '751c5ad2-f805-568a-815e-8c97cae9db95', 'favorite', 'VT', '6'), (624, DEFAULT, '751c5ad2-f805-568a-815e-8c97cae9db95', 'flag', 'NY', '4'), (625, DEFAULT, '751c5ad2-f805-568a-815e-8c97cae9db95', 'favorite', 'MI', '14'), (626, DEFAULT, '751c5ad2-f805-568a-815e-8c97cae9db95', 'flag', 'GA', '27'), (627, DEFAULT, '751c5ad2-f805-568a-815e-8c97cae9db95', 'share', 'OK', '16'), (628, DEFAULT, '751c5ad2-f805-568a-815e-8c97cae9db95', 'share', 'WY', '53'), (629, DEFAULT, '751c5ad2-f805-568a-815e-8c97cae9db95', 'flag', 'AZ', '3'), (630, DEFAULT, '751c5ad2-f805-568a-815e-8c97cae9db95', 'email', 'MN', '50'), (631, DEFAULT, '751c5ad2-f805-568a-815e-8c97cae9db95', 'favorite', 'CO', '50'), (632, DEFAULT, '751c5ad2-f805-568a-815e-8c97cae9db95', 'favorite', 'NV', '4'), (633, DEFAULT, '751c5ad2-f805-568a-815e-8c97cae9db95', 'flag', 'LA', '4'), (634, DEFAULT, '751c5ad2-f805-568a-815e-8c97cae9db95', 'call', 'VA', '11'), (635, DEFAULT, '751c5ad2-f805-568a-815e-8c97cae9db95', 'share', 'UT', '11'), (636, DEFAULT, '751c5ad2-f805-568a-815e-8c97cae9db95', 'share', 'TN', '40'), (637, DEFAULT, '751c5ad2-f805-568a-815e-8c97cae9db95', 'email', 'WY', '21'), (638, DEFAULT, '751c5ad2-f805-568a-815e-8c97cae9db95', 'favorite', 'AL', '20'), (639, DEFAULT, '751c5ad2-f805-568a-815e-8c97cae9db95', 'call', 'AK', '5'), (640, DEFAULT, '751c5ad2-f805-568a-815e-8c97cae9db95', 'call', 'NV', '32'), (641, DEFAULT, '751c5ad2-f805-568a-815e-8c97cae9db95', 'share', 'MI', '51'), (642, DEFAULT, '751c5ad2-f805-568a-815e-8c97cae9db95', 'favorite', 'WA', '51'), (643, DEFAULT, '751c5ad2-f805-568a-815e-8c97cae9db95', 'share', 'KS', '7'), (644, DEFAULT, '751c5ad2-f805-568a-815e-8c97cae9db95', 'call', 'VA', '21'), (645, DEFAULT, '7c6e9a3f-d45b-5e00-8175-482c9cd53402', 'call', 'MI', '1'), (646, DEFAULT, '7c6e9a3f-d45b-5e00-8175-482c9cd53402', 'share', 'KS', '34'), (647, DEFAULT, '7c6e9a3f-d45b-5e00-8175-482c9cd53402', 'flag', 'GA', '16'), (648, DEFAULT, '7c6e9a3f-d45b-5e00-8175-482c9cd53402', 'email', 'WV', '45'), (649, DEFAULT, '7c6e9a3f-d45b-5e00-8175-482c9cd53402', 'email', 'CA', '56'), (650, DEFAULT, '7c6e9a3f-d45b-5e00-8175-482c9cd53402', 'share', 'CA', '22'), (651, DEFAULT, '7c6e9a3f-d45b-5e00-8175-482c9cd53402', 'flag', 'AK', '58'), (652, DEFAULT, '7c6e9a3f-d45b-5e00-8175-482c9cd53402', 'share', 'KS', '38'), (653, DEFAULT, '7c6e9a3f-d45b-5e00-8175-482c9cd53402', 'share', 'AR', '58'), (654, DEFAULT, '7c6e9a3f-d45b-5e00-8175-482c9cd53402', 'flag', 'WV', '17'), (655, DEFAULT, '7c6e9a3f-d45b-5e00-8175-482c9cd53402', 'email', 'WV', '14'), (656, DEFAULT, '7c6e9a3f-d45b-5e00-8175-482c9cd53402', 'email', 'RI', '25'), (657, DEFAULT, '7c6e9a3f-d45b-5e00-8175-482c9cd53402', 'share', 'MA', '49'), (658, DEFAULT, '3221c337-ab5d-5bd9-8e46-62cd55a62543', 'call', 'HI', '47'), (659, DEFAULT, '3221c337-ab5d-5bd9-8e46-62cd55a62543', 'favorite', 'FL', '28'), (660, DEFAULT, '3221c337-ab5d-5bd9-8e46-62cd55a62543', 'share', 'IN', '14'), (661, DEFAULT, '3221c337-ab5d-5bd9-8e46-62cd55a62543', 'call', 'NJ', '23'), (662, DEFAULT, '3221c337-ab5d-5bd9-8e46-62cd55a62543', 'email', 'GA', '13'), (663, DEFAULT, '3221c337-ab5d-5bd9-8e46-62cd55a62543', 'email', 'SC', '14'), (664, DEFAULT, '3221c337-ab5d-5bd9-8e46-62cd55a62543', 'email', 'NH', '53'), (665, DEFAULT, '3221c337-ab5d-5bd9-8e46-62cd55a62543', 'call', 'NH', '54'), (666, DEFAULT, '3221c337-ab5d-5bd9-8e46-62cd55a62543', 'favorite', 'AL', '19'), (667, DEFAULT, '3221c337-ab5d-5bd9-8e46-62cd55a62543', 'favorite', 'AL', '41'), (668, DEFAULT, '3221c337-ab5d-5bd9-8e46-62cd55a62543', 'call', 'SC', '32'), (669, DEFAULT, '3221c337-ab5d-5bd9-8e46-62cd55a62543', 'share', 'WV', '60'), (670, DEFAULT, '3221c337-ab5d-5bd9-8e46-62cd55a62543', 'email', 'DE', '30'), (671, DEFAULT, '3221c337-ab5d-5bd9-8e46-62cd55a62543', 'call', 'HI', '42'), (672, DEFAULT, '3221c337-ab5d-5bd9-8e46-62cd55a62543', 'email', 'UT', '51'), (673, DEFAULT, '3221c337-ab5d-5bd9-8e46-62cd55a62543', 'flag', 'AL', '41'), (674, DEFAULT, '3221c337-ab5d-5bd9-8e46-62cd55a62543', 'email', 'PA', '31'), (675, DEFAULT, '3221c337-ab5d-5bd9-8e46-62cd55a62543', 'favorite', 'TX', '24'), (676, DEFAULT, '3221c337-ab5d-5bd9-8e46-62cd55a62543', 'favorite', 'WY', '9'), (677, DEFAULT, '3221c337-ab5d-5bd9-8e46-62cd55a62543', 'share', 'AL', '41'), (678, DEFAULT, '3221c337-ab5d-5bd9-8e46-62cd55a62543', 'email', 'CA', '22'), (679, DEFAULT, '3221c337-ab5d-5bd9-8e46-62cd55a62543', 'share', 'NJ', '51'), (680, DEFAULT, '3221c337-ab5d-5bd9-8e46-62cd55a62543', 'flag', 'WA', '36'), (681, DEFAULT, '3221c337-ab5d-5bd9-8e46-62cd55a62543', 'email', 'VA', '54'), (682, DEFAULT, '3221c337-ab5d-5bd9-8e46-62cd55a62543', 'favorite', 'MS', '4'), (683, DEFAULT, 'a8648844-b682-5cc8-88e8-584d6e3a6866', 'flag', 'NJ', '55'), (684, DEFAULT, 'a8648844-b682-5cc8-88e8-584d6e3a6866', 'call', 'MD', '21'), (685, DEFAULT, 'a8648844-b682-5cc8-88e8-584d6e3a6866', 'call', 'WY', '45'), (686, DEFAULT, '6b2b8ba9-9095-5818-bdce-6bfbfdb5d69c', 'favorite', 'HI', '32'), (687, DEFAULT, '6b2b8ba9-9095-5818-bdce-6bfbfdb5d69c', 'favorite', 'KS', '29'), (688, DEFAULT, '6b2b8ba9-9095-5818-bdce-6bfbfdb5d69c', 'share', 'VA', '10'), (689, DEFAULT, '6b2b8ba9-9095-5818-bdce-6bfbfdb5d69c', 'share', 'ND', '22'), (690, DEFAULT, '6b2b8ba9-9095-5818-bdce-6bfbfdb5d69c', 'call', 'NY', '53'), (691, DEFAULT, '6b2b8ba9-9095-5818-bdce-6bfbfdb5d69c', 'call', 'NM', '49'), (692, DEFAULT, '6b2b8ba9-9095-5818-bdce-6bfbfdb5d69c', 'call', 'MT', '24'), (693, DEFAULT, '6b2b8ba9-9095-5818-bdce-6bfbfdb5d69c', 'share', 'CA', '31'), (694, DEFAULT, '6b2b8ba9-9095-5818-bdce-6bfbfdb5d69c', 'favorite', 'IA', '34'), (695, DEFAULT, '6b2b8ba9-9095-5818-bdce-6bfbfdb5d69c', 'flag', 'MS', '4'), (696, DEFAULT, '6b2b8ba9-9095-5818-bdce-6bfbfdb5d69c', 'favorite', 'GA', '18'), (697, DEFAULT, '6b2b8ba9-9095-5818-bdce-6bfbfdb5d69c', 'favorite', 'OK', '16'), (698, DEFAULT, '6b2b8ba9-9095-5818-bdce-6bfbfdb5d69c', 'share', 'NJ', '35'), (699, DEFAULT, '6b2b8ba9-9095-5818-bdce-6bfbfdb5d69c', 'email', 'PA', '52'), (700, DEFAULT, '6b2b8ba9-9095-5818-bdce-6bfbfdb5d69c', 'flag', 'WA', '36'), (701, DEFAULT, '6b2b8ba9-9095-5818-bdce-6bfbfdb5d69c', 'email', 'SD', '1'), (702, DEFAULT, '6b2b8ba9-9095-5818-bdce-6bfbfdb5d69c', 'email', 'TN', '43'), (703, DEFAULT, '6b2b8ba9-9095-5818-bdce-6bfbfdb5d69c', 'call', 'ND', '7'), (704, DEFAULT, '6b2b8ba9-9095-5818-bdce-6bfbfdb5d69c', 'share', 'HI', '28'), (705, DEFAULT, '6b2b8ba9-9095-5818-bdce-6bfbfdb5d69c', 'call', 'NE', '54'), (706, DEFAULT, '6b2b8ba9-9095-5818-bdce-6bfbfdb5d69c', 'email', 'AK', '10'), (707, DEFAULT, '6b2b8ba9-9095-5818-bdce-6bfbfdb5d69c', 'email', 'NH', '55'), (708, DEFAULT, '6b2b8ba9-9095-5818-bdce-6bfbfdb5d69c', 'favorite', 'VA', '14'), (709, DEFAULT, '6b2b8ba9-9095-5818-bdce-6bfbfdb5d69c', 'call', 'OR', '14'), (710, DEFAULT, '6b2b8ba9-9095-5818-bdce-6bfbfdb5d69c', 'email', 'AR', '31'), (711, DEFAULT, 'b5b0b1ff-c99a-5a8e-af44-f46ca06c4398', 'favorite', 'WI', '8'), (712, DEFAULT, 'b5b0b1ff-c99a-5a8e-af44-f46ca06c4398', 'email', 'SC', '34'), (713, DEFAULT, 'b5b0b1ff-c99a-5a8e-af44-f46ca06c4398', 'favorite', 'MD', '44'), (714, DEFAULT, 'b5b0b1ff-c99a-5a8e-af44-f46ca06c4398', 'email', 'CA', '35'), (715, DEFAULT, 'b5b0b1ff-c99a-5a8e-af44-f46ca06c4398', 'call', 'MT', '23'), (716, DEFAULT, 'b5b0b1ff-c99a-5a8e-af44-f46ca06c4398', 'email', 'OH', '6'), (717, DEFAULT, 'b5b0b1ff-c99a-5a8e-af44-f46ca06c4398', 'share', 'MO', '32');
SELECT setval('"public"."template_activity_id_seq"'::regclass, (SELECT MAX("id") FROM "public"."template_activity"));
